{
    "CustomVision.Metadata.AdditionalModelInfo": null,
    "CustomVision.Metadata.Version": "1.1",
    "CustomVision.Postprocess.Method": "Yolo",
    "CustomVision.Postprocess.Yolo.Biases": "[0.57273, 0.677385, 1.87446, 2.06253, 3.33843, 5.47434, 7.88282, 3.52778, 9.77052, 9.16828]",
    "CustomVision.Postprocess.Yolo.NmsThreshold": "0.45",
    "CustomVision.Preprocess.CropHeight": "0",
    "CustomVision.Preprocess.CropMethod": "NoCrop",
    "CustomVision.Preprocess.CropWidth": "0",
    "CustomVision.Preprocess.MaxDimension": "0",
    "CustomVision.Preprocess.MaxScale": "0",
    "CustomVision.Preprocess.MinDimension": "0",
    "CustomVision.Preprocess.MinScale": "0",
    "CustomVision.Preprocess.NormalizeMean": "[0.0, 0.0, 0.0]",
    "CustomVision.Preprocess.NormalizeStd": "[1.0, 1.0, 1.0]",
    "CustomVision.Preprocess.ResizeMethod": "ByPixelCountAlign32",
    "CustomVision.Preprocess.TargetHeight": "512.0",
    "CustomVision.Preprocess.TargetWidth": "512.0",
    "Image.BitmapPixelFormat": "Rgb8",
    "Image.ColorSpaceGamma": "SRGB",
    "Image.NominalPixelRange": "Normalized_0_1"
}